[{"id":"cdf5e41a-9602-47b6-98a1-5676dcec8321","path":"/houses.csv"},{"id":"48ba155a-6d7f-4411-9a9e-9f4adf0094f5","path":"/flask_canvas.py"},{"id":"ff048b5b-8d6e-4815-bf82-5bea5db4a89c","path":"/premier_web_service.py"},{"id":"607c794d-7720-40cb-9e7a-e6043ef34774","path":"/time_series_I.csv"},{"id":"21005e6b-5baa-4e43-b43f-7dc808388129","path":"/build_model.py"},{"id":"89753196-e372-46dc-90a1-7e580f9454fa","path":"/tumor_two_vars.csv"},{"id":"9de30d08-6c53-469d-95ca-d509f3226d69","path":"/train_FD001.txt"},{"id":"30817e5c-7928-4806-bcba-78ce59dedf5f","path":"/fastapi_app.py"},{"id":"6efb2289-db4e-44da-9ac7-5559b6f9da20","path":"/fastapi_exemple.py"}]